[
  {"CARTA": "7_CLUBS", "PALO": "CLUBS"},
  {"CARTA": "2_GOLD", "PALO": "GOLD"},
  {"CARTA": "JACK_GOLD", "PALO": "GOLD"},
  {"CARTA": "1_CLUBS", "PALO": "CLUBS"},
  {"CARTA": "6_SWORDS", "PALO": "SWORDS"},
  {"CARTA": "5_GOLD", "PALO": "GOLD"},
  {"CARTA": "1_SWORDS", "PALO": "SWORDS"},
  {"CARTA": "KNIGHT_SWORDS", "PALO": "SWORDS"},
  {"CARTA": "3_GOLD", "PALO": "GOLD"},
  {"CARTA": "5_CUPS", "PALO": "CUPS"},
  {"CARTA": "3_CLUBS", "PALO": "CLUBS"},
  {"CARTA": "1_CUPS", "PALO": "CUPS"},
  {"CARTA": "6_CLUBS", "PALO": "CLUBS"},
  {"CARTA": "JACK_SWORDS", "PALO": "SWORDS"},
  {"CARTA": "KNIGHT_CUPS", "PALO": "CUPS"},
  {"CARTA": "KNIGHT_CLUBS", "PALO": "CLUBS"},
  {"CARTA": "4_CUPS", "PALO": "CUPS"},
  {"CARTA": "4_GOLD", "PALO": "GOLD"},
  {"CARTA": "7_GOLD", "PALO": "GOLD"},
  {"CARTA": "7_SWORDS", "PALO": "SWORDS"},
  {"CARTA": "JACK_CUPS", "PALO": "CUPS"},
  {"CARTA": "5_SWORDS", "PALO": "SWORDS"},
  {"CARTA": "6_CUPS", "PALO": "CUPS"},
  {"CARTA": "JACK_CLUBS", "PALO": "CLUBS"},
  {"CARTA": "5_CLUBS", "PALO": "CLUBS"},
  {"CARTA": "4_CLUBS", "PALO": "CLUBS"},
  {"CARTA": "2_SWORDS", "PALO": "SWORDS"},
  {"CARTA": "1_GOLD", "PALO": "GOLD"},
  {"CARTA": "3_CUPS", "PALO": "CUPS"},
  {"CARTA": "6_GOLD", "PALO": "GOLD"},
  {"CARTA": "7_CUPS", "PALO": "CUPS"},
  {"CARTA": "2_CUPS", "PALO": "CUPS"},
  {"CARTA": "3_SWORDS", "PALO": "SWORDS"},
  {"CARTA": "2_CLUBS", "PALO": "CLUBS"},
  {"CARTA": "4_SWORDS", "PALO": "SWORDS"},
  {"CARTA": "KNIGHT_GOLD", "PALO": "GOLD"},
  {"CARTA": "7_CUPS", "PALO": "CUPS"},
  {"CARTA": "6_CLUBS", "PALO": "CLUBS"},
  {"CARTA": "3_CUPS", "PALO": "CUPS"},
  {"CARTA": "5_GOLD", "PALO": "GOLD"},
  {"CARTA": "2_CUPS", "PALO": "CUPS"},
  {"CARTA": "7_GOLD", "PALO": "GOLD"},
  {"CARTA": "KNIGHT_GOLD", "PALO": "GOLD"}
]